insert into SMP_USER (ID, USERNAME, ACTIVE, APPLICATION_ROLE, EMAIL, CREATED_ON, LAST_UPDATED_ON)
values (1, 'system', 1, 'SYSTEM_ADMIN', 'system@mail-example.local', NOW(), NOW()),
       (2, 'user', 1, 'USER', 'user@mail-example.local', NOW(), NOW());

insert into SMP_CREDENTIAL (ID, FK_USER_ID, CREDENTIAL_ACTIVE, CREDENTIAL_NAME, CREDENTIAL_VALUE, CREDENTIAL_TYPE, CREDENTIAL_TARGET, CREATED_ON, LAST_UPDATED_ON, ACTIVE_FROM, CHANGED_ON, EXPIRE_ON)
values (1, 1, 1, 'system', '$2a$06$FDmjewn/do3C219uysNm9.XG8mIn.ubHnMydAzC8lsv61HsRpOR36', 'USERNAME_PASSWORD', 'UI', NOW(), NOW(), NOW(), NOW(), NOW() + INTERVAL 1 YEAR),
       (2, 2, 1, 'user', '$2a$06$FDmjewn/do3C219uysNm9.XG8mIn.ubHnMydAzC8lsv61HsRpOR36', 'USERNAME_PASSWORD', 'UI', NOW(), NOW(), NOW(), NOW(), NOW() + INTERVAL 1 YEAR);

insert into SMP_DOMAIN (ID, CREATED_ON, LAST_UPDATED_ON, DEFAULT_RESOURCE_IDENTIFIER, DOMAIN_CODE, SIGNATURE_ALGORITHM, SIGNATURE_DIGEST_METHOD, SIGNATURE_KEY_ALIAS, SML_CLIENT_CERT_AUTH, SML_CLIENT_KEY_ALIAS, SML_REGISTERED, SML_SMP_ID, SML_SUBDOMAIN, VISIBILITY)
values  (1, NOW(), NOW(), 'edelivery-oasis-smp-1.0-servicegroup', 'eracuntest', null, null, 'smp-test', true, 'smp-test', true, 'domismp1', 'hr', 'PUBLIC');

INSERT INTO SMP_DOMAIN_MEMBER (ID, CREATED_ON, LAST_UPDATED_ON, MEMBERSHIP_ROLE, FK_DOMAIN_ID, FK_USER_ID)
VALUES (1, NOW(), NOW(), 'ADMIN', 1, 1);

insert into SMP_EXTENSION (ID, IDENTIFIER, IMPLEMENTATION_NAME, NAME, VERSION, DESCRIPTION, CREATED_ON, LAST_UPDATED_ON)
values (1, 'edelivery-oasis-smp-extension', 'OasisSMPExtension', 'Oasis SMP 1.0 and 2.0', '1.0', 'Oasis SMP 1.0 and 2.0 extension', NOW(), NOW());

INSERT INTO SMP_RESOURCE_DEF (ID, CREATED_ON, LAST_UPDATED_ON, DESCRIPTION, HANDLER_IMPL_NAME, IDENTIFIER, MIME_TYPE, NAME, URL_SEGMENT, FK_EXTENSION_ID)
VALUES (1, NOW(), NOW(), 'Oasis SMP 1.0 Service group resource handler', 'OasisSMPResource10Handler', 'edelivery-oasis-smp-1.0-servicegroup', 'text/xml', 'Oasis SMP 1.0 ServiceGroup', 'smp-1', 1);

INSERT INTO SMP_SUBRESOURCE_DEF (ID, FK_RESOURCE_DEF_ID, URL_SEGMENT, IDENTIFIER, DESCRIPTION, MIME_TYPE, NAME, CREATED_ON, LAST_UPDATED_ON)
VALUES (1, 1, 'services', 'edelivery-oasis-smp-1.0-servicemetadata', 'ServiceMetadata', 'text/xml', 'Oasis SMP ServiceMetadata', NOW(), NOW());

INSERT INTO SMP_DOMAIN_RESOURCE_DEF (ID, CREATED_ON, LAST_UPDATED_ON, FK_DOMAIN_ID, FK_RESOURCE_DEF_ID)
VALUES (1, NOW(), NOW(), 1, 1);

INSERT INTO SMP_GROUP (ID, CREATED_ON, LAST_UPDATED_ON, DESCRIPTION, NAME, VISIBILITY, FK_DOMAIN_ID)
VALUES (1, NOW(), NOW(), 'eracun test group', 'eracuntestgroup', 'PUBLIC', 1);

INSERT INTO SMP_GROUP_MEMBER (ID, CREATED_ON, LAST_UPDATED_ON, MEMBERSHIP_ROLE, FK_GROUP_ID, FK_USER_ID)
VALUES (1, NOW(), NOW(), 'ADMIN', 1, 1),
       (2, NOW(), NOW(), 'VIEWER', 1, 2);

INSERT INTO SMP_DOCUMENT (ID, CREATED_ON, LAST_UPDATED_ON, CURRENT_VERSION, MIME_TYPE, NAME, REF_DOCUMENT_URL, SHARING_ENABLED, FK_REF_DOCUMENT_ID)
VALUES (1, NOW(), NOW(), 1, 'text/xml', '9934:00000000000', null, false, null),
       (2, NOW(), NOW(), 1, 'text/xml', '9934:11111111111', null, false, null),
       (3, NOW(), NOW(), 1, 'text/xml', 'urn:oasis:names:specification:ubl:schema:xsd:Invoice-2::Invoice##urn:cen.eu:en16931:2017#compliant#urn:fdc:peppol.eu:2017:poacc:billing:3.0::2.1', null, false, null),
       (4, NOW(), NOW(), 1, 'text/xml', 'urn:oasis:names:specification:ubl:schema:xsd:Invoice-2::Invoice##urn:cen.eu:en16931:2017#compliant#urn:fdc:peppol.eu:2017:poacc:billing:3.0::2.1', null, false, null),
       (5, NOW(), NOW(), 1, 'text/xml', 'urn:oasis:names:specification:ubl:schema:xsd:CreditNote-2::CreditNote##urn:cen.eu:en16931:2017#compliant#urn:fdc:peppol.eu:2017:poacc:billing:3.0::2.1', null, false, null),
       (6, NOW(), NOW(), 1, 'text/xml', 'urn:oasis:names:specification:ubl:schema:xsd:CreditNote-2::CreditNote##urn:cen.eu:en16931:2017#compliant#urn:fdc:peppol.eu:2017:poacc:billing:3.0::2.1', null, false, null);

insert into SMP_DOCUMENT_VERSION (ID, CREATED_ON, LAST_UPDATED_ON, DOCUMENT_CONTENT, STATUS, VERSION, FK_DOCUMENT_ID)
values  (1, NOW(), NOW(), 0x3C3F786D6C2076657273696F6E3D22312E302220656E636F64696E673D225554462D3822207374616E64616C6F6E653D22796573223F3E0A3C5365727669636547726F757020786D6C6E733D22687474703A2F2F646F63732E6F617369732D6F70656E2E6F72672F626478722F6E732F534D502F323031362F30352220786D6C6E733A6E73323D22687474703A2F2F7777772E77332E6F72672F323030302F30392F786D6C6473696723223E0A202020203C5061727469636970616E744964656E74696669657220736368656D653D22247B7265736F757263652E6964656E7469666965722E736368656D657D223E247B7265736F757263652E6964656E7469666965722E76616C75657D3C2F5061727469636970616E744964656E7469666965723E0A202020203C536572766963654D657461646174615265666572656E6365436F6C6C656374696F6E2F3E0A3C2F5365727669636547726F75703E0A, 'PUBLISHED', 1, 1),
        (2, NOW(), NOW(), 0x3C3F786D6C2076657273696F6E3D22312E302220656E636F64696E673D225554462D3822207374616E64616C6F6E653D22796573223F3E0A3C5365727669636547726F757020786D6C6E733D22687474703A2F2F646F63732E6F617369732D6F70656E2E6F72672F626478722F6E732F534D502F323031362F30352220786D6C6E733A6E73323D22687474703A2F2F7777772E77332E6F72672F323030302F30392F786D6C6473696723223E0A202020203C5061727469636970616E744964656E74696669657220736368656D653D22247B7265736F757263652E6964656E7469666965722E736368656D657D223E247B7265736F757263652E6964656E7469666965722E76616C75657D3C2F5061727469636970616E744964656E7469666965723E0A202020203C536572766963654D657461646174615265666572656E6365436F6C6C656374696F6E2F3E0A3C2F5365727669636547726F75703E0A, 'PUBLISHED', 1, 2),
        (3, NOW(), NOW(), 0x3C3F786D6C2076657273696F6E3D22312E302220656E636F64696E673D225554462D3822207374616E64616C6F6E653D22796573223F3E0A3C536572766963654D6574616461746120786D6C6E733D22687474703A2F2F646F63732E6F617369732D6F70656E2E6F72672F626478722F6E732F534D502F323031362F30352220786D6C6E733A6E73323D22687474703A2F2F7777772E77332E6F72672F323030302F30392F786D6C6473696723223E0A202020203C53657276696365496E666F726D6174696F6E3E0A20202020202020203C5061727469636970616E744964656E74696669657220736368656D653D22247B7265736F757263652E6964656E7469666965722E736368656D657D223E247B7265736F757263652E6964656E7469666965722E76616C75657D3C2F5061727469636970616E744964656E7469666965723E0A20202020202020203C446F63756D656E744964656E74696669657220736368656D653D22247B7375627265736F757263652E6964656E7469666965722E736368656D657D223E247B7375627265736F757263652E6964656E7469666965722E76616C75657D3C2F446F63756D656E744964656E7469666965723E0A20202020202020203C50726F636573734C6973743E0A2020202020202020202020203C50726F636573733E0A202020202020202020202020202020203C50726F636573734964656E74696669657220736368656D653D2263656E6269692D70726F63696475626C223E75726E3A6664633A65726163756E2E68723A706F6163633A656E31363933313A616E793C2F50726F636573734964656E7469666965723E0A202020202020202020202020202020203C53657276696365456E64706F696E744C6973743E0A20202020202020202020202020202020202020203C456E64706F696E74207472616E73706F727450726F66696C653D2265726163756E2D7472616E73706F72742D6173342D76315F30223E0A2020202020202020202020202020202020202020202020203C456E64706F696E745552493E687474703A2F2F646F6D696275732D626C75653A383038302F646F6D696275732F73657276696365732F6D73683C2F456E64706F696E745552493E0A2020202020202020202020202020202020202020202020203C43657274696669636174653E4D494944587A4343416B656741774942416749496639574F315037324B344D774451594A4B6F5A496876634E4151454C42514177586A454C4D416B47413155450A42684D4353464978446A414D42674E564241675442564E305958526C4D513077437759445651514845775244615852354D524177446759445651514B457764440A62323177595735354D517777436759445651514C45774E455A5859784544414F42674E5642414D4D42324A73645756665A3363774868634E4D6A55774E6A457A0A4D446B794E5455305768634E4D7A55774E6A45784D446B794E545530576A42654D517377435159445651514745774A49556A454F4D4177474131554543424D460A55335268644755784454414C42674E564241635442454E7064486B784544414F42674E5642416F5442304E7662584268626E6B784444414B42674E56424173540A4130526C646A45514D4134474131554541777748596D78315A56396E647A4343415349774451594A4B6F5A496876634E415145424251414467674550414443430A41516F4367674542414B484C697550497952305135395A64694934555870566153496B5563777A6A652B415134746E34313664683459646F7357314733504A450A3564496E71334B672F7A70486E635669357A5A305944775A5079763646684152475858664D322F466364587844586C584A4B6D613137506E3032336C426D58640A5155505353566A4E73536F6A6364466E363567526A31576B70394B4C7549746B6B503778317832657865347559746472373266357271586E346878666A2F32480A6E795A796D5934554939442F617762384C73366A696E4557394E714861574C6D7050353762534D66464A6A753865676B4675756A30586D4948496F7455344E740A44434D7956705966414D2B566F7A7A57707A2F686776386C694D65726A42465071464165754B4636455735624970517975652B315A5776574B702B6F713466790A6C547A4D413675566A486F37527449413052465855712F6F47694254395A30434177454141614D684D423877485159445652304F424259454649315A65436D720A522F4C366B48426150327675677450744C7A67484D41304743537147534962334451454243775541413449424151414E6F3550733765375875577245675A4D340A304D4E3858394775454E4C746638366C68555771774F504977316C3352344162584F6B4D664573687A54614842662B366D42702F4A6C2F6B7A734A44765775560A56716868305154454E553871555A6D68686B6F753141646C434F46554C786B703467534F507A48333347356B366B3174514378497344376F38684543554744370A6D5337526243796D43416F30657249576D4C4D783570652B6E6D4B674A2F6D3853542F3372413037636A4C4D307039614365754C4D6B365648776A66434835570A4476454B787266486D2F3561747330426A543877554659646E7A6E444C3766624473347758453765723869397262326F79397562506B764441637675397433460A6E786462505458414A377135552B3476716A746F794B7271724732346D5A676573716B30483973334D324B444145356A444A796A53687A613133742F5149792F0A55482B4B3C2F43657274696669636174653E0A2020202020202020202020202020202020202020202020203C536572766963654465736372697074696F6E3E53657276696365206465736372697074696F6E20666F7220706172746E657273203C2F536572766963654465736372697074696F6E3E0A2020202020202020202020202020202020202020202020203C546563686E6963616C436F6E7461637455726C3E7777772E626573742D706167652E65753C2F546563686E6963616C436F6E7461637455726C3E0A20202020202020202020202020202020202020203C2F456E64706F696E743E0A202020202020202020202020202020203C2F53657276696365456E64706F696E744C6973743E0A2020202020202020202020203C2F50726F636573733E0A20202020202020203C2F50726F636573734C6973743E0A2020202020203C457874656E73696F6E3E0A20202020202020203C457874656E73696F6E49443E65526163756E5061727469636970616E74446174613C2F457874656E73696F6E49443E0A20202020202020203C65783A48524D505320786D6C6E733A65783D22687474703A2F2F706F72657A6E612D7570726176612E68722F6D70732F657874656E73696F6E223E0A202020202020202020203C65783A5061727469636970616E744F49423E30303030303030303030303C2F65783A5061727469636970616E744F49423E0A202020202020202020203C65783A416363657373506F696E744F49423E30303030303030303030303C2F65783A416363657373506F696E744F49423E0A20202020202020203C2F65783A48524D5053203E0A2020202020203C2F457874656E73696F6E3E0A202020203C2F53657276696365496E666F726D6174696F6E3E0A3C2F536572766963654D657461646174613E0A, 'PUBLISHED', 1, 3),
        (4, NOW(), NOW(), 0x3C3F786D6C2076657273696F6E3D22312E302220656E636F64696E673D225554462D3822207374616E64616C6F6E653D22796573223F3E0A3C536572766963654D6574616461746120786D6C6E733D22687474703A2F2F646F63732E6F617369732D6F70656E2E6F72672F626478722F6E732F534D502F323031362F30352220786D6C6E733A6E73323D22687474703A2F2F7777772E77332E6F72672F323030302F30392F786D6C6473696723223E0A202020203C53657276696365496E666F726D6174696F6E3E0A20202020202020203C5061727469636970616E744964656E74696669657220736368656D653D22247B7265736F757263652E6964656E7469666965722E736368656D657D223E247B7265736F757263652E6964656E7469666965722E76616C75657D3C2F5061727469636970616E744964656E7469666965723E0A20202020202020203C446F63756D656E744964656E74696669657220736368656D653D22247B7375627265736F757263652E6964656E7469666965722E736368656D657D223E247B7375627265736F757263652E6964656E7469666965722E76616C75657D3C2F446F63756D656E744964656E7469666965723E0A20202020202020203C50726F636573734C6973743E0A2020202020202020202020203C50726F636573733E0A202020202020202020202020202020203C50726F636573734964656E74696669657220736368656D653D2263656E6269692D70726F63696475626C223E75726E3A6664633A65726163756E2E68723A706F6163633A656E31363933313A616E793C2F50726F636573734964656E7469666965723E0A202020202020202020202020202020203C53657276696365456E64706F696E744C6973743E0A20202020202020202020202020202020202020203C456E64706F696E74207472616E73706F727450726F66696C653D2265726163756E2D7472616E73706F72742D6173342D76315F30223E0A2020202020202020202020202020202020202020202020203C456E64706F696E745552493E687474703A2F2F646F6D696275732D7265643A383038302F646F6D696275732F73657276696365732F6D73683C2F456E64706F696E745552493E0A2020202020202020202020202020202020202020202020203C43657274696669636174653E4D49494458544343416B576741774942416749495569514B6330385A532B6F774451594A4B6F5A496876634E4151454C425141775854454C4D416B47413155450A42684D4353464978446A414D42674E564241675442564E305958526C4D513077437759445651514845775244615852354D524177446759445651514B457764440A62323177595735354D517777436759445651514C45774E455A585978447A414E42674E5642414D4D426E4A6C5A46396E647A4165467730794E5441324D544D770A4F5449314E5456614677307A4E5441324D5445774F5449314E5456614D463078437A414A42674E5642415954416B68534D5134774441594456515149457756540A644746305A54454E4D4173474131554542784D4551326C30655445514D4134474131554543684D4851323974634746756554454D4D416F474131554543784D440A524756324D513877445159445651514444415A795A5752665A336377676745694D4130474353714753496233445145424151554141344942447741776767454B0A416F494241514373482F31736D534D635A67475054445058566F2F566A516E303157396E4A474E4E7550595A4A2F354A6F316C764D77426C676E73514C795A490A4A425658315A6833394E2B6955717968724552794331473043576839315478627A34556144536E6A7266664B795A614658544A63475945534D384870785A38580A3662686944722F746145445865533265496F554A62716D557033612F38745845646C4E7268374B4A496C516A2F4932617A5A793234565A59314D7A74664C754D0A42413835316F4133536D6F396F6D633364383572396677776C30503939724157436A4754506C6F304C47344B46746D532B516F7157694972693375664B5076460A4958546B794A454F45766674504F584F6C336D70386F4451564B475971526B6333362B77664A79792B5457726A6577663535616E5843536D386867665A2F75390A76414B3830785069546E6E497564756B4A6E396933415A692B57357441674D424141476A495441664D42304741315564446751574242536A705A46617A756E470A454378425566484A456A516954724D374C6A414E42676B71686B6947397730424151734641414F43415145415668632B44437A534258483434706F62756458660A58784430705335664530635873377537326C6C51716833666D2B6F56503852542F6A6A2B58514B47304F44666C612F6477506F2B6948715A496662547031356D0A53674F6C6F4A4F5043494A47356B4D3955752B717842444F48474A427650337051724F544A6C645A34314C47376B4C416B787A456C6D6731554D7963365650460A7A31576F343374334D486B754A4B786A58732F6B6563336D2F7246744375324C336E464370486B556977774563765858536E6E672F706A494C614751725A34390A593143615468716D56353230566D44486C5442507757645A4170783564517A4B4B627A4B784961444E393871366B667159424F6C7050396F55504B7A336748500A53584E4A38613464444F434746422F76566E4B676B6344676F446B7334624E754732664F3673765630646445462B684A51354F432F576E72394F52666C4D64750A41673D3D3C2F43657274696669636174653E0A2020202020202020202020202020202020202020202020203C536572766963654465736372697074696F6E3E53657276696365206465736372697074696F6E20666F7220706172746E657273203C2F536572766963654465736372697074696F6E3E0A2020202020202020202020202020202020202020202020203C546563686E6963616C436F6E7461637455726C3E7777772E626573742D706167652E65753C2F546563686E6963616C436F6E7461637455726C3E0A20202020202020202020202020202020202020203C2F456E64706F696E743E0A202020202020202020202020202020203C2F53657276696365456E64706F696E744C6973743E0A2020202020202020202020203C2F50726F636573733E0A20202020202020203C2F50726F636573734C6973743E0A2020202020203C457874656E73696F6E3E0A20202020202020203C457874656E73696F6E49443E65526163756E5061727469636970616E74446174613C2F457874656E73696F6E49443E0A20202020202020203C65783A48524D505320786D6C6E733A65783D22687474703A2F2F706F72657A6E612D7570726176612E68722F6D70732F657874656E73696F6E223E0A202020202020202020203C65783A5061727469636970616E744F49423E31313131313131313131313C2F65783A5061727469636970616E744F49423E0A202020202020202020203C65783A416363657373506F696E744F49423E31313131313131313131313C2F65783A416363657373506F696E744F49423E0A20202020202020203C2F65783A48524D5053203E0A2020202020203C2F457874656E73696F6E3E0A202020203C2F53657276696365496E666F726D6174696F6E3E0A3C2F536572766963654D657461646174613E0A, 'PUBLISHED', 1, 4),
        (5, NOW(), NOW(), 0x3C3F786D6C2076657273696F6E3D22312E302220656E636F64696E673D225554462D3822207374616E64616C6F6E653D22796573223F3E0A3C536572766963654D6574616461746120786D6C6E733D22687474703A2F2F646F63732E6F617369732D6F70656E2E6F72672F626478722F6E732F534D502F323031362F30352220786D6C6E733A6E73323D22687474703A2F2F7777772E77332E6F72672F323030302F30392F786D6C6473696723223E0A202020203C53657276696365496E666F726D6174696F6E3E0A20202020202020203C5061727469636970616E744964656E74696669657220736368656D653D22247B7265736F757263652E6964656E7469666965722E736368656D657D223E247B7265736F757263652E6964656E7469666965722E76616C75657D3C2F5061727469636970616E744964656E7469666965723E0A20202020202020203C446F63756D656E744964656E74696669657220736368656D653D22247B7375627265736F757263652E6964656E7469666965722E736368656D657D223E247B7375627265736F757263652E6964656E7469666965722E76616C75657D3C2F446F63756D656E744964656E7469666965723E0A20202020202020203C50726F636573734C6973743E0A2020202020202020202020203C50726F636573733E0A202020202020202020202020202020203C50726F636573734964656E74696669657220736368656D653D2263656E6269692D70726F63696475626C223E75726E3A6664633A65726163756E2E68723A706F6163633A656E31363933313A616E793C2F50726F636573734964656E7469666965723E0A202020202020202020202020202020203C53657276696365456E64706F696E744C6973743E0A20202020202020202020202020202020202020203C456E64706F696E74207472616E73706F727450726F66696C653D2265726163756E2D7472616E73706F72742D6173342D76315F30223E0A2020202020202020202020202020202020202020202020203C456E64706F696E745552493E687474703A2F2F646F6D696275732D626C75653A383038302F646F6D696275732F73657276696365732F6D73683C2F456E64706F696E745552493E0A2020202020202020202020202020202020202020202020203C43657274696669636174653E4D494944587A4343416B656741774942416749496639574F315037324B344D774451594A4B6F5A496876634E4151454C42514177586A454C4D416B47413155450A42684D4353464978446A414D42674E564241675442564E305958526C4D513077437759445651514845775244615852354D524177446759445651514B457764440A62323177595735354D517777436759445651514C45774E455A5859784544414F42674E5642414D4D42324A73645756665A3363774868634E4D6A55774E6A457A0A4D446B794E5455305768634E4D7A55774E6A45784D446B794E545530576A42654D517377435159445651514745774A49556A454F4D4177474131554543424D460A55335268644755784454414C42674E564241635442454E7064486B784544414F42674E5642416F5442304E7662584268626E6B784444414B42674E56424173540A4130526C646A45514D4134474131554541777748596D78315A56396E647A4343415349774451594A4B6F5A496876634E415145424251414467674550414443430A41516F4367674542414B484C697550497952305135395A64694934555870566153496B5563777A6A652B415134746E34313664683459646F7357314733504A450A3564496E71334B672F7A70486E635669357A5A305944775A5079763646684152475858664D322F466364587844586C584A4B6D613137506E3032336C426D58640A5155505353566A4E73536F6A6364466E363567526A31576B70394B4C7549746B6B503778317832657865347559746472373266357271586E346878666A2F32480A6E795A796D5934554939442F617762384C73366A696E4557394E714861574C6D7050353762534D66464A6A753865676B4675756A30586D4948496F7455344E740A44434D7956705966414D2B566F7A7A57707A2F686776386C694D65726A42465071464165754B4636455735624970517975652B315A5776574B702B6F713466790A6C547A4D413675566A486F37527449413052465855712F6F47694254395A30434177454141614D684D423877485159445652304F424259454649315A65436D720A522F4C366B48426150327675677450744C7A67484D41304743537147534962334451454243775541413449424151414E6F3550733765375875577245675A4D340A304D4E3858394775454E4C746638366C68555771774F504977316C3352344162584F6B4D664573687A54614842662B366D42702F4A6C2F6B7A734A44765775560A56716868305154454E553871555A6D68686B6F753141646C434F46554C786B703467534F507A48333347356B366B3174514378497344376F38684543554744370A6D5337526243796D43416F30657249576D4C4D783570652B6E6D4B674A2F6D3853542F3372413037636A4C4D307039614365754C4D6B365648776A66434835570A4476454B787266486D2F3561747330426A543877554659646E7A6E444C3766624473347758453765723869397262326F79397562506B764441637675397433460A6E786462505458414A377135552B3476716A746F794B7271724732346D5A676573716B30483973334D324B444145356A444A796A53687A613133742F5149792F0A55482B4B3C2F43657274696669636174653E0A2020202020202020202020202020202020202020202020203C536572766963654465736372697074696F6E3E53657276696365206465736372697074696F6E20666F7220706172746E657273203C2F536572766963654465736372697074696F6E3E0A2020202020202020202020202020202020202020202020203C546563686E6963616C436F6E7461637455726C3E7777772E626573742D706167652E65753C2F546563686E6963616C436F6E7461637455726C3E0A20202020202020202020202020202020202020203C2F456E64706F696E743E0A202020202020202020202020202020203C2F53657276696365456E64706F696E744C6973743E0A2020202020202020202020203C2F50726F636573733E0A20202020202020203C2F50726F636573734C6973743E0A2020202020203C457874656E73696F6E3E0A20202020202020203C457874656E73696F6E49443E65526163756E5061727469636970616E74446174613C2F457874656E73696F6E49443E0A20202020202020203C65783A48524D505320786D6C6E733A65783D22687474703A2F2F706F72657A6E612D7570726176612E68722F6D70732F657874656E73696F6E223E0A202020202020202020203C65783A5061727469636970616E744F49423E30303030303030303030303C2F65783A5061727469636970616E744F49423E0A202020202020202020203C65783A416363657373506F696E744F49423E30303030303030303030303C2F65783A416363657373506F696E744F49423E0A20202020202020203C2F65783A48524D5053203E0A2020202020203C2F457874656E73696F6E3E0A202020203C2F53657276696365496E666F726D6174696F6E3E0A3C2F536572766963654D657461646174613E0A, 'PUBLISHED', 1, 5),
        (6, NOW(), NOW(), 0x3C3F786D6C2076657273696F6E3D22312E302220656E636F64696E673D225554462D3822207374616E64616C6F6E653D22796573223F3E0A3C536572766963654D6574616461746120786D6C6E733D22687474703A2F2F646F63732E6F617369732D6F70656E2E6F72672F626478722F6E732F534D502F323031362F30352220786D6C6E733A6E73323D22687474703A2F2F7777772E77332E6F72672F323030302F30392F786D6C6473696723223E0A202020203C53657276696365496E666F726D6174696F6E3E0A20202020202020203C5061727469636970616E744964656E74696669657220736368656D653D22247B7265736F757263652E6964656E7469666965722E736368656D657D223E247B7265736F757263652E6964656E7469666965722E76616C75657D3C2F5061727469636970616E744964656E7469666965723E0A20202020202020203C446F63756D656E744964656E74696669657220736368656D653D22247B7375627265736F757263652E6964656E7469666965722E736368656D657D223E247B7375627265736F757263652E6964656E7469666965722E76616C75657D3C2F446F63756D656E744964656E7469666965723E0A20202020202020203C50726F636573734C6973743E0A2020202020202020202020203C50726F636573733E0A202020202020202020202020202020203C50726F636573734964656E74696669657220736368656D653D2263656E6269692D70726F63696475626C223E75726E3A6664633A65726163756E2E68723A706F6163633A656E31363933313A616E793C2F50726F636573734964656E7469666965723E0A202020202020202020202020202020203C53657276696365456E64706F696E744C6973743E0A20202020202020202020202020202020202020203C456E64706F696E74207472616E73706F727450726F66696C653D2265726163756E2D7472616E73706F72742D6173342D76315F30223E0A2020202020202020202020202020202020202020202020203C456E64706F696E745552493E687474703A2F2F646F6D696275732D7265643A383038302F646F6D696275732F73657276696365732F6D73683C2F456E64706F696E745552493E0A2020202020202020202020202020202020202020202020203C43657274696669636174653E4D49494458544343416B576741774942416749495569514B6330385A532B6F774451594A4B6F5A496876634E4151454C425141775854454C4D416B47413155450A42684D4353464978446A414D42674E564241675442564E305958526C4D513077437759445651514845775244615852354D524177446759445651514B457764440A62323177595735354D517777436759445651514C45774E455A585978447A414E42674E5642414D4D426E4A6C5A46396E647A4165467730794E5441324D544D770A4F5449314E5456614677307A4E5441324D5445774F5449314E5456614D463078437A414A42674E5642415954416B68534D5134774441594456515149457756540A644746305A54454E4D4173474131554542784D4551326C30655445514D4134474131554543684D4851323974634746756554454D4D416F474131554543784D440A524756324D513877445159445651514444415A795A5752665A336377676745694D4130474353714753496233445145424151554141344942447741776767454B0A416F494241514373482F31736D534D635A67475054445058566F2F566A516E303157396E4A474E4E7550595A4A2F354A6F316C764D77426C676E73514C795A490A4A425658315A6833394E2B6955717968724552794331473043576839315478627A34556144536E6A7266664B795A614658544A63475945534D384870785A38580A3662686944722F746145445865533265496F554A62716D557033612F38745845646C4E7268374B4A496C516A2F4932617A5A793234565A59314D7A74664C754D0A42413835316F4133536D6F396F6D633364383572396677776C30503939724157436A4754506C6F304C47344B46746D532B516F7157694972693375664B5076460A4958546B794A454F45766674504F584F6C336D70386F4451564B475971526B6333362B77664A79792B5457726A6577663535616E5843536D386867665A2F75390A76414B3830785069546E6E497564756B4A6E396933415A692B57357441674D424141476A495441664D42304741315564446751574242536A705A46617A756E470A454378425566484A456A516954724D374C6A414E42676B71686B6947397730424151734641414F43415145415668632B44437A534258483434706F62756458660A58784430705335664530635873377537326C6C51716833666D2B6F56503852542F6A6A2B58514B47304F44666C612F6477506F2B6948715A496662547031356D0A53674F6C6F4A4F5043494A47356B4D3955752B717842444F48474A427650337051724F544A6C645A34314C47376B4C416B787A456C6D6731554D7963365650460A7A31576F343374334D486B754A4B786A58732F6B6563336D2F7246744375324C336E464370486B556977774563765858536E6E672F706A494C614751725A34390A593143615468716D56353230566D44486C5442507757645A4170783564517A4B4B627A4B784961444E393871366B667159424F6C7050396F55504B7A336748500A53584E4A38613464444F434746422F76566E4B676B6344676F446B7334624E754732664F3673765630646445462B684A51354F432F576E72394F52666C4D64750A41673D3D3C2F43657274696669636174653E0A2020202020202020202020202020202020202020202020203C536572766963654465736372697074696F6E3E53657276696365206465736372697074696F6E20666F7220706172746E657273203C2F536572766963654465736372697074696F6E3E0A2020202020202020202020202020202020202020202020203C546563686E6963616C436F6E7461637455726C3E7777772E626573742D706167652E65753C2F546563686E6963616C436F6E7461637455726C3E0A20202020202020202020202020202020202020203C2F456E64706F696E743E0A202020202020202020202020202020203C2F53657276696365456E64706F696E744C6973743E0A2020202020202020202020203C2F50726F636573733E0A20202020202020203C2F50726F636573734C6973743E0A2020202020203C457874656E73696F6E3E0A20202020202020203C457874656E73696F6E49443E65526163756E5061727469636970616E74446174613C2F457874656E73696F6E49443E0A20202020202020203C65783A48524D505320786D6C6E733A65783D22687474703A2F2F706F72657A6E612D7570726176612E68722F6D70732F657874656E73696F6E223E0A202020202020202020203C65783A5061727469636970616E744F49423E31313131313131313131313C2F65783A5061727469636970616E744F49423E0A202020202020202020203C65783A416363657373506F696E744F49423E31313131313131313131313C2F65783A416363657373506F696E744F49423E0A20202020202020203C2F65783A48524D5053203E0A2020202020203C2F457874656E73696F6E3E0A202020203C2F53657276696365496E666F726D6174696F6E3E0A3C2F536572766963654D657461646174613E0A, 'PUBLISHED', 1, 6);

INSERT INTO SMP_RESOURCE (ID, CREATED_ON, LAST_UPDATED_ON, IDENTIFIER_SCHEME, IDENTIFIER_VALUE, REVIEW_ENABLED, SML_REGISTERED, VISIBILITY, FK_DOCUMENT_ID, FK_DOREDEF_ID, FK_GROUP_ID)
VALUES (1, NOW(), NOW(), 'iso6523-actorid-upis', '9934:00000000000', null, true, 'PUBLIC', 1, 1, 1),
       (2, NOW(), NOW(), 'iso6523-actorid-upis', '9934:11111111111', null, true, 'PUBLIC', 2, 1, 1);

INSERT INTO SMP_RESOURCE_MEMBER (ID, CREATED_ON, LAST_UPDATED_ON, PERMISSION_REVIEW, MEMBERSHIP_ROLE, FK_RESOURCE_ID, FK_USER_ID)
VALUES (1, NOW(), NOW(), false, 'ADMIN', 1, 1),
       (2, NOW(), NOW(), false, 'ADMIN', 2, 1);

INSERT INTO SMP_SUBRESOURCE (ID, CREATED_ON, LAST_UPDATED_ON, IDENTIFIER_SCHEME, IDENTIFIER_VALUE, FK_DOCUMENT_ID, FK_RESOURCE_ID, FK_SUREDEF_ID)
VALUES (1, NOW(), NOW(), 'busdox-docid-qns', 'urn:oasis:names:specification:ubl:schema:xsd:Invoice-2::Invoice##urn:cen.eu:en16931:2017#compliant#urn:fdc:peppol.eu:2017:poacc:billing:3.0::2.1', 3, 1, 1),
       (2, NOW(), NOW(), 'busdox-docid-qns', 'urn:oasis:names:specification:ubl:schema:xsd:Invoice-2::Invoice##urn:cen.eu:en16931:2017#compliant#urn:fdc:peppol.eu:2017:poacc:billing:3.0::2.1', 4, 2, 1),
       (3, NOW(), NOW(), 'busdox-docid-qns', 'urn:oasis:names:specification:ubl:schema:xsd:CreditNote-2::CreditNote##urn:cen.eu:en16931:2017#compliant#urn:fdc:peppol.eu:2017:poacc:billing:3.0::2.1', 5, 1, 1),
       (4, NOW(), NOW(), 'busdox-docid-qns', 'urn:oasis:names:specification:ubl:schema:xsd:CreditNote-2::CreditNote##urn:cen.eu:en16931:2017#compliant#urn:fdc:peppol.eu:2017:poacc:billing:3.0::2.1', 6, 2, 1);
