insert into SMP_USER (ID, USERNAME, ACTIVE, APPLICATION_ROLE, EMAIL, CREATED_ON, LAST_UPDATED_ON)
values (1, 'system', 1, 'SYSTEM_ADMIN', 'system@mail-example.local', NOW(), NOW()),
       (2, 'user', 1, 'USER', 'user@mail-example.local', NOW(), NOW());

insert into SMP_CREDENTIAL (ID, FK_USER_ID, CREDENTIAL_ACTIVE, CREDENTIAL_NAME, CREDENTIAL_VALUE, CREDENTIAL_TYPE, CREDENTIAL_TARGET, CREATED_ON, LAST_UPDATED_ON, ACTIVE_FROM, CHANGED_ON, EXPIRE_ON)
values (1, 1, 1, 'system', '$2a$06$FDmjewn/do3C219uysNm9.XG8mIn.ubHnMydAzC8lsv61HsRpOR36', 'USERNAME_PASSWORD', 'UI', NOW(), NOW(), NOW(), NOW(), NOW() + INTERVAL 1 YEAR),
       (2, 2, 1, 'user', '$2a$06$FDmjewn/do3C219uysNm9.XG8mIn.ubHnMydAzC8lsv61HsRpOR36', 'USERNAME_PASSWORD', 'UI', NOW(), NOW(), NOW(), NOW(), NOW() + INTERVAL 1 YEAR);

insert into SMP_DOMAIN (ID, CREATED_ON, LAST_UPDATED_ON, DEFAULT_RESOURCE_IDENTIFIER, DOMAIN_CODE, SIGNATURE_ALGORITHM, SIGNATURE_DIGEST_METHOD, SIGNATURE_KEY_ALIAS, SML_CLIENT_CERT_AUTH, SML_CLIENT_KEY_ALIAS, SML_REGISTERED, SML_SMP_ID, SML_SUBDOMAIN, VISIBILITY)
values  (1, NOW(), NOW(), 'edelivery-oasis-smp-1.0-servicegroup', 'eracuntest', null, null, 'smp-test', true, 'smp-test', true, 'domismp1', 'hr', 'PUBLIC');

INSERT INTO SMP_DOMAIN_MEMBER (ID, CREATED_ON, LAST_UPDATED_ON, MEMBERSHIP_ROLE, FK_DOMAIN_ID, FK_USER_ID)
VALUES (1, NOW(), NOW(), 'ADMIN', 1, 1);

insert into SMP_EXTENSION (ID, IDENTIFIER, IMPLEMENTATION_NAME, NAME, VERSION, DESCRIPTION, CREATED_ON, LAST_UPDATED_ON)
values (1, 'edelivery-oasis-smp-extension', 'OasisSMPExtension', 'Oasis SMP 1.0 and 2.0', '1.0', 'Oasis SMP 1.0 and 2.0 extension', NOW(), NOW());

INSERT INTO SMP_RESOURCE_DEF (ID, CREATED_ON, LAST_UPDATED_ON, DESCRIPTION, HANDLER_IMPL_NAME, IDENTIFIER, MIME_TYPE, NAME, URL_SEGMENT, FK_EXTENSION_ID)
VALUES (1, NOW(), NOW(), 'Oasis SMP 1.0 Service group resource handler', 'OasisSMPResource10Handler', 'edelivery-oasis-smp-1.0-servicegroup', 'text/xml', 'Oasis SMP 1.0 ServiceGroup', 'smp-1', 1);

INSERT INTO SMP_SUBRESOURCE_DEF (ID, FK_RESOURCE_DEF_ID, URL_SEGMENT, IDENTIFIER, DESCRIPTION, MIME_TYPE, NAME, CREATED_ON, LAST_UPDATED_ON)
VALUES (1, 1, 'services', 'edelivery-oasis-smp-1.0-servicemetadata', 'ServiceMetadata', 'text/xml', 'Oasis SMP ServiceMetadata', NOW(), NOW());

INSERT INTO SMP_DOMAIN_RESOURCE_DEF (ID, CREATED_ON, LAST_UPDATED_ON, FK_DOMAIN_ID, FK_RESOURCE_DEF_ID)
VALUES (1, NOW(), NOW(), 1, 1);

INSERT INTO SMP_GROUP (ID, CREATED_ON, LAST_UPDATED_ON, DESCRIPTION, NAME, VISIBILITY, FK_DOMAIN_ID)
VALUES (1, NOW(), NOW(), 'eracun test group', 'eracuntestgroup', 'PUBLIC', 1);

INSERT INTO SMP_GROUP_MEMBER (ID, CREATED_ON, LAST_UPDATED_ON, MEMBERSHIP_ROLE, FK_GROUP_ID, FK_USER_ID)
VALUES (1, NOW(), NOW(), 'ADMIN', 1, 1),
       (2, NOW(), NOW(), 'VIEWER', 1, 2);

INSERT INTO SMP_DOCUMENT (ID, CREATED_ON, LAST_UPDATED_ON, CURRENT_VERSION, MIME_TYPE, NAME, REF_DOCUMENT_URL, SHARING_ENABLED, FK_REF_DOCUMENT_ID)
VALUES (1, NOW(), NOW(), 1, 'text/xml', '9934:00000000000', null, false, null),
       (2, NOW(), NOW(), 1, 'text/xml', '9934:11111111111', null, false, null),
       (3, NOW(), NOW(), 1, 'text/xml', 'urn:oasis:names:specification:ubl:schema:xsd:Invoice-2::Invoice##urn:cen.eu:en16931:2017#compliant#urn:mfin.gov.hr:cius-2025:1.0#conformant#urn:mfin.gov.hr:ext-2025:1.0::2.1', null, false, null),
       (4, NOW(), NOW(), 1, 'text/xml', 'urn:oasis:names:specification:ubl:schema:xsd:Invoice-2::Invoice##urn:cen.eu:en16931:2017#compliant#urn:mfin.gov.hr:cius-2025:1.0#conformant#urn:mfin.gov.hr:ext-2025:1.0::2.1', null, false, null),
       (5, NOW(), NOW(), 1, 'text/xml', 'urn:oasis:names:specification:ubl:schema:xsd:CreditNote-2::CreditNote##urn:cen.eu:en16931:2017#compliant#urn:mfin.gov.hr:cius-2025:1.0#conformant#urn:mfin.gov.hr:ext-2025:1.0::2.1', null, false, null),
       (6, NOW(), NOW(), 1, 'text/xml', 'urn:oasis:names:specification:ubl:schema:xsd:CreditNote-2::CreditNote##urn:cen.eu:en16931:2017#compliant#urn:mfin.gov.hr:cius-2025:1.0#conformant#urn:mfin.gov.hr:ext-2025:1.0::2.1', null, false, null);

insert into SMP_DOCUMENT_VERSION (ID, CREATED_ON, LAST_UPDATED_ON, DOCUMENT_CONTENT, STATUS, VERSION, FK_DOCUMENT_ID)
values  (1, NOW(), NOW(), 0x3C3F786D6C2076657273696F6E3D22312E302220656E636F64696E673D225554462D3822207374616E64616C6F6E653D22796573223F3E0A3C5365727669636547726F757020786D6C6E733D22687474703A2F2F646F63732E6F617369732D6F70656E2E6F72672F626478722F6E732F534D502F323031362F30352220786D6C6E733A6E73323D22687474703A2F2F7777772E77332E6F72672F323030302F30392F786D6C6473696723223E0A202020203C5061727469636970616E744964656E74696669657220736368656D653D22247B7265736F757263652E6964656E7469666965722E736368656D657D223E247B7265736F757263652E6964656E7469666965722E76616C75657D3C2F5061727469636970616E744964656E7469666965723E0A202020203C536572766963654D657461646174615265666572656E6365436F6C6C656374696F6E2F3E0A3C2F5365727669636547726F75703E0A, 'PUBLISHED', 1, 1),
        (2, NOW(), NOW(), 0x3C3F786D6C2076657273696F6E3D22312E302220656E636F64696E673D225554462D3822207374616E64616C6F6E653D22796573223F3E0A3C5365727669636547726F757020786D6C6E733D22687474703A2F2F646F63732E6F617369732D6F70656E2E6F72672F626478722F6E732F534D502F323031362F30352220786D6C6E733A6E73323D22687474703A2F2F7777772E77332E6F72672F323030302F30392F786D6C6473696723223E0A202020203C5061727469636970616E744964656E74696669657220736368656D653D22247B7265736F757263652E6964656E7469666965722E736368656D657D223E247B7265736F757263652E6964656E7469666965722E76616C75657D3C2F5061727469636970616E744964656E7469666965723E0A202020203C536572766963654D657461646174615265666572656E6365436F6C6C656374696F6E2F3E0A3C2F5365727669636547726F75703E0A, 'PUBLISHED', 1, 2),
        (3, NOW(), NOW(), 0x3c3f786d6c2076657273696f6e3d22312e302220656e636f64696e673d225554462d3822207374616e64616c6f6e653d22796573223f3e0a3c536572766963654d6574616461746120786d6c6e733d22687474703a2f2f646f63732e6f617369732d6f70656e2e6f72672f626478722f6e732f534d502f323031362f30352220786d6c6e733a6e73323d22687474703a2f2f7777772e77332e6f72672f323030302f30392f786d6c6473696723223e0a20203c53657276696365496e666f726d6174696f6e3e0a202020203c5061727469636970616e744964656e74696669657220736368656d653d22247b7265736f757263652e6964656e7469666965722e736368656d657d223e247b7265736f757263652e6964656e7469666965722e76616c75657d3c2f5061727469636970616e744964656e7469666965723e0a202020203c446f63756d656e744964656e74696669657220736368656d653d22247b7375627265736f757263652e6964656e7469666965722e736368656d657d223e247b7375627265736f757263652e6964656e7469666965722e76616c75657d3c2f446f63756d656e744964656e7469666965723e0a202020203c50726f636573734c6973743e0a2020202020203c50726f636573733e0a20202020202020203c50726f636573734964656e74696669657220736368656d653d2263656e6269692d70726f6369642d75626c223e75726e3a6664633a65726163756e2e68723a706f6163633a656e31363933313a616e793c2f50726f636573734964656e7469666965723e0a20202020202020203c53657276696365456e64706f696e744c6973743e0a202020202020202020203c456e64706f696e74207472616e73706f727450726f66696c653d2265726163756e2d7472616e73706f72742d6173342d76315f30223e0a2020202020202020202020203c456e64706f696e745552493e687474703a2f2f646f6d696275732d626c75653a383038302f646f6d696275732f73657276696365732f6d73683c2f456e64706f696e745552493e0a2020202020202020202020203c43657274696669636174653e4d494944587a4343416b656741774942416749495a54717432396c48565334774451594a4b6f5a496876634e4151454c42514177586a454c4d416b47413155450a202020202020202020202020202042684d4353464978446a414d42674e564241675442564e305958526c4d513077437759445651514845775244615852354d524177446759445651514b457764440a202020202020202020202020202062323177595735354d517777436759445651514c45774e455a5859784544414f42674e5642414d4d42324a7364575666593234774868634e4d6a55774f54417a0a20202020202020202020202020204d5441784d4445795768634e4d7a55774f5441784d5441784d444579576a42654d517377435159445651514745774a49556a454f4d4177474131554543424d460a202020202020202020202020202055335268644755784454414c42674e564241635442454e7064486b784544414f42674e5642416f5442304e7662584268626e6b784444414b42674e56424173540a20202020202020202020202020204130526c646a45514d4134474131554541777748596d78315a56396a626a4343415349774451594a4b6f5a496876634e415145424251414467674550414443430a202020202020202020202020202041516f4367674542414b77544151455a716b6d534e537847424354394e59497058784a2f344f324d6b6b70515775396f454e344b6551395770382b775448426b0a2020202020202020202020202020614d324472383975676d366e726f46377a776a30554f6377514c662f356c676b6b2f595a6c74786a432f7661627676645466384e7957724b4d567470314477660a2020202020202020202020202020527050317838594b2b6263564e36667a547946396f78695150536e762f676b476e6c753835516245347271626830524a6539676f64327a53714d3632576c735a0a20202020202020202020202020204965597768733537436134463071735a546d4f4a32326e7431532f4e584d517a6a7034365a3950546873487450687247512b49467678414d526a51526a5265500a2020202020202020202020202020733254477765446266546d556276795a574376554d474b35744d435071366636494a73635657694979774a6a34394e5831626e4966796652312f69613478416a0a20202020202020202020202020206830687535587631594c44645a354c697932773832394d656b6342434b5830434177454141614d684d423877485159445652304f424259454645516b744f726d0a20202020202020202020202020204d4f61414b58486c6a567565432f6f4142526b4d4d41304743537147534962334451454243775541413449424151436568787256525a652f54656763365350390a2020202020202020202020202020784959344a5059596d6a6f3677694d377879346f564650697967305457736d6f514f664f4d35536365316174594259494532523630487630694b3873765666770a2020202020202020202020202020674e62674d77775976704461507731456f737277575a516670795a772f3974686c454d6b69763971682f424f6a535a4b36414d4d4b67496d57712b6c503579330a2020202020202020202020202020425a503941794b416a4830596b62696c646f765274484e2f6f2b46746e37524742644d452f74344a78486f445a43724e72456c59336942354c3173574f56536a0a20202020202020202020202020205a3963526f714c463579476757344c672b755a307058637843316f6654746c4f484c61714f7a64525a366a3647516c7476484c5677594d44433553354a3339520a20202020202020202020202020206c69456255664b4a726977394b2f4769414d4868794c6e574b344e684f6e767271726c6e427144754f67595941777971387a4a5041484b61316770326a2b45460a2020202020202020202020202020475967423c2f43657274696669636174653e0a2020202020202020202020203c536572766963654465736372697074696f6e3e53657276696365206465736372697074696f6e20666f7220706172746e6572733c2f536572766963654465736372697074696f6e3e0a2020202020202020202020203c546563686e6963616c436f6e7461637455726c3e7777772e626573742d706167652e65753c2f546563686e6963616c436f6e7461637455726c3e0a202020202020202020203c2f456e64706f696e743e0a20202020202020203c2f53657276696365456e64706f696e744c6973743e0a2020202020203c2f50726f636573733e0a202020203c2f50726f636573734c6973743e0a202020203c457874656e73696f6e3e0a2020202020203c457874656e73696f6e49443e65526163756e5061727469636970616e74446174613c2f457874656e73696f6e49443e0a2020202020203c65783a48524d505320786d6c6e733a65783d22687474703a2f2f706f72657a6e612d7570726176612e68722f6d70732f657874656e73696f6e223e0a20202020202020203c65783a5061727469636970616e744f49423e30303030303030303030303c2f65783a5061727469636970616e744f49423e0a20202020202020203c65783a416363657373506f696e744f49423e30303030303030303030303c2f65783a416363657373506f696e744f49423e0a2020202020203c2f65783a48524d50533e0a202020203c2f457874656e73696f6e3e0a20203c2f53657276696365496e666f726d6174696f6e3e0a3c2f536572766963654d657461646174613e0a, 'PUBLISHED', 1, 3),
        (4, NOW(), NOW(), 0x3c3f786d6c2076657273696f6e3d22312e302220656e636f64696e673d225554462d3822207374616e64616c6f6e653d22796573223f3e0a3c536572766963654d6574616461746120786d6c6e733d22687474703a2f2f646f63732e6f617369732d6f70656e2e6f72672f626478722f6e732f534d502f323031362f30352220786d6c6e733a6e73323d22687474703a2f2f7777772e77332e6f72672f323030302f30392f786d6c6473696723223e0a20203c53657276696365496e666f726d6174696f6e3e0a202020203c5061727469636970616e744964656e74696669657220736368656d653d22247b7265736f757263652e6964656e7469666965722e736368656d657d223e247b7265736f757263652e6964656e7469666965722e76616c75657d3c2f5061727469636970616e744964656e7469666965723e0a202020203c446f63756d656e744964656e74696669657220736368656d653d22247b7375627265736f757263652e6964656e7469666965722e736368656d657d223e247b7375627265736f757263652e6964656e7469666965722e76616c75657d3c2f446f63756d656e744964656e7469666965723e0a202020203c50726f636573734c6973743e0a2020202020203c50726f636573733e0a20202020202020203c50726f636573734964656e74696669657220736368656d653d2263656e6269692d70726f6369642d75626c223e75726e3a6664633a65726163756e2e68723a706f6163633a656e31363933313a616e793c2f50726f636573734964656e7469666965723e0a20202020202020203c53657276696365456e64706f696e744c6973743e0a202020202020202020203c456e64706f696e74207472616e73706f727450726f66696c653d2265726163756e2d7472616e73706f72742d6173342d76315f30223e0a2020202020202020202020203c456e64706f696e745552493e687474703a2f2f646f6d696275732d7265643a383038302f646f6d696275732f73657276696365732f6d73683c2f456e64706f696e745552493e0a2020202020202020202020203c43657274696669636174653e4d49494458544343416b576741774942416749494c5475675873586b373867774451594a4b6f5a496876634e4151454c425141775854454c4d416b47413155450a202020202020202020202020202042684d4353464978446a414d42674e564241675442564e305958526c4d513077437759445651514845775244615852354d524177446759445651514b457764440a202020202020202020202020202062323177595735354d517777436759445651514c45774e455a585978447a414e42674e5642414d4d426e4a6c5a46396a626a4165467730794e5441354d444d780a20202020202020202020202020204d4445774d544a614677307a4e5441354d4445784d4445774d544a614d463078437a414a42674e5642415954416b68534d5134774441594456515149457756540a2020202020202020202020202020644746305a54454e4d4173474131554542784d4551326c30655445514d4134474131554543684d4851323974634746756554454d4d416f474131554543784d440a2020202020202020202020202020524756324d513877445159445651514444415a795a57526659323477676745694d4130474353714753496233445145424151554141344942447741776767454b0a2020202020202020202020202020416f4942415143307435796e7264414b7251784a536f41654473702f5547376a58727a455675642f5659506c724649486a4463736337416859766f666b6a31480a2020202020202020202020202020747246326f624c774a4e34332f487a7358424d31415a6d34516267614776324175354c6f47455767694642694a394b6841363262707435773143487058412b550a20202020202020202020202020206f7a4852694a2f30505a51423952737a505751786e5254532f556c4d5576786a3472472b5444596e536f4b436e62736d2f6e34684c612f464b654c2f6f6877560a2020202020202020202020202020582b74494b676b5353316e6564686d4138682b2f7977723171696e6a5372534a454e4c33305037684b486242585242774f4e582b67732f3753746173626362380a20202020202020202020202020207a52565565612b7047386238566d715549447954537548734a4b594c776f6e73754b69445a32355a564c65772f627258657848484f77534b332f4a706d5a38790a2020202020202020202020202020534b39554a3278793675645456652b63543147574239496279562f7241674d424141476a495441664d42304741315564446751574242512b79756b59536e65330a20202020202020202020202020204c3074376975355a392f636f4b7562547344414e42676b71686b6947397730424151734641414f43415145417374656a4d717a727875654359756a706b64476f0a2020202020202020202020202020706a48745273645445777159502f3050304a4f4d72755150635736677a325159566b7462524f4c49395579596c5752632f666e7345426b6a4730584c2b6a4f550a202020202020202020202020202056414b4e344535413658614547524e705a486e46726b4445526a3433564152384b585272314f507645756d7951516e4f4946386b35665a494b38776c41347a4e0a202020202020202020202020202062346d493149366c2f4458635632647a77435847595a6e7634436b5363436f2f45445232473838436d4353567031777676393047445a4c3479543052307955300a2020202020202020202020202020537032654a734847314262453756356b425346496c34494c52464333582b6e796d67694750377858647530336c376f3154353531566a3448776851736565787a0a20202020202020202020202020206961557874502b74336b2b69503133583231744667544262495655316c724d6b43786a414e392f6864655a43484937546b764c6c634a4a414e313679667177540a202020202020202020202020202036513d3d3c2f43657274696669636174653e0a2020202020202020202020203c536572766963654465736372697074696f6e3e52656420506172747920446f6d696275733c2f536572766963654465736372697074696f6e3e0a2020202020202020202020203c546563686e6963616c436f6e7461637455726c3e687474703a2f2f6c6f63616c686f73743a383038322f646f6d696275733c2f546563686e6963616c436f6e7461637455726c3e0a202020202020202020203c2f456e64706f696e743e0a20202020202020203c2f53657276696365456e64706f696e744c6973743e0a2020202020203c2f50726f636573733e0a202020203c2f50726f636573734c6973743e0a202020203c457874656e73696f6e3e0a2020202020203c457874656e73696f6e49443e65526163756e5061727469636970616e74446174613c2f457874656e73696f6e49443e0a2020202020203c65783a48524d505320786d6c6e733a65783d22687474703a2f2f706f72657a6e612d7570726176612e68722f6d70732f657874656e73696f6e223e0a20202020202020203c65783a5061727469636970616e744f49423e31313131313131313131313c2f65783a5061727469636970616e744f49423e0a20202020202020203c65783a416363657373506f696e744f49423e31313131313131313131313c2f65783a416363657373506f696e744f49423e0a2020202020203c2f65783a48524d5053203e0a202020203c2f457874656e73696f6e3e0a20203c2f53657276696365496e666f726d6174696f6e3e0a3c2f536572766963654d657461646174613e0a, 'PUBLISHED', 1, 4),
        (5, NOW(), NOW(), 0x3c3f786d6c2076657273696f6e3d22312e302220656e636f64696e673d225554462d3822207374616e64616c6f6e653d22796573223f3e0a3c536572766963654d6574616461746120786d6c6e733d22687474703a2f2f646f63732e6f617369732d6f70656e2e6f72672f626478722f6e732f534d502f323031362f30352220786d6c6e733a6e73323d22687474703a2f2f7777772e77332e6f72672f323030302f30392f786d6c6473696723223e0a20203c53657276696365496e666f726d6174696f6e3e0a202020203c5061727469636970616e744964656e74696669657220736368656d653d22247b7265736f757263652e6964656e7469666965722e736368656d657d223e247b7265736f757263652e6964656e7469666965722e76616c75657d3c2f5061727469636970616e744964656e7469666965723e0a202020203c446f63756d656e744964656e74696669657220736368656d653d22247b7375627265736f757263652e6964656e7469666965722e736368656d657d223e247b7375627265736f757263652e6964656e7469666965722e76616c75657d3c2f446f63756d656e744964656e7469666965723e0a202020203c50726f636573734c6973743e0a2020202020203c50726f636573733e0a20202020202020203c50726f636573734964656e74696669657220736368656d653d2263656e6269692d70726f6369642d75626c223e75726e3a6664633a65726163756e2e68723a706f6163633a656e31363933313a616e793c2f50726f636573734964656e7469666965723e0a20202020202020203c53657276696365456e64706f696e744c6973743e0a202020202020202020203c456e64706f696e74207472616e73706f727450726f66696c653d2265726163756e2d7472616e73706f72742d6173342d76315f30223e0a2020202020202020202020203c456e64706f696e745552493e687474703a2f2f646f6d696275732d626c75653a383038302f646f6d696275732f73657276696365732f6d73683c2f456e64706f696e745552493e0a2020202020202020202020203c43657274696669636174653e4d494944587a4343416b656741774942416749495a54717432396c48565334774451594a4b6f5a496876634e4151454c42514177586a454c4d416b47413155450a202020202020202020202020202042684d4353464978446a414d42674e564241675442564e305958526c4d513077437759445651514845775244615852354d524177446759445651514b457764440a202020202020202020202020202062323177595735354d517777436759445651514c45774e455a5859784544414f42674e5642414d4d42324a7364575666593234774868634e4d6a55774f54417a0a20202020202020202020202020204d5441784d4445795768634e4d7a55774f5441784d5441784d444579576a42654d517377435159445651514745774a49556a454f4d4177474131554543424d460a202020202020202020202020202055335268644755784454414c42674e564241635442454e7064486b784544414f42674e5642416f5442304e7662584268626e6b784444414b42674e56424173540a20202020202020202020202020204130526c646a45514d4134474131554541777748596d78315a56396a626a4343415349774451594a4b6f5a496876634e415145424251414467674550414443430a202020202020202020202020202041516f4367674542414b77544151455a716b6d534e537847424354394e59497058784a2f344f324d6b6b70515775396f454e344b6551395770382b775448426b0a2020202020202020202020202020614d324472383975676d366e726f46377a776a30554f6377514c662f356c676b6b2f595a6c74786a432f7661627676645466384e7957724b4d567470314477660a2020202020202020202020202020527050317838594b2b6263564e36667a547946396f78695150536e762f676b476e6c753835516245347271626830524a6539676f64327a53714d3632576c735a0a20202020202020202020202020204965597768733537436134463071735a546d4f4a32326e7431532f4e584d517a6a7034365a3950546873487450687247512b49467678414d526a51526a5265500a2020202020202020202020202020733254477765446266546d556276795a574376554d474b35744d435071366636494a73635657694979774a6a34394e5831626e4966796652312f69613478416a0a20202020202020202020202020206830687535587631594c44645a354c697932773832394d656b6342434b5830434177454141614d684d423877485159445652304f424259454645516b744f726d0a20202020202020202020202020204d4f61414b58486c6a567565432f6f4142526b4d4d41304743537147534962334451454243775541413449424151436568787256525a652f54656763365350390a2020202020202020202020202020784959344a5059596d6a6f3677694d377879346f564650697967305457736d6f514f664f4d35536365316174594259494532523630487630694b3873765666770a2020202020202020202020202020674e62674d77775976704461507731456f737277575a516670795a772f3974686c454d6b69763971682f424f6a535a4b36414d4d4b67496d57712b6c503579330a2020202020202020202020202020425a503941794b416a4830596b62696c646f765274484e2f6f2b46746e37524742644d452f74344a78486f445a43724e72456c59336942354c3173574f56536a0a20202020202020202020202020205a3963526f714c463579476757344c672b755a307058637843316f6654746c4f484c61714f7a64525a366a3647516c7476484c5677594d44433553354a3339520a20202020202020202020202020206c69456255664b4a726977394b2f4769414d4868794c6e574b344e684f6e767271726c6e427144754f67595941777971387a4a5041484b61316770326a2b45460a2020202020202020202020202020475967423c2f43657274696669636174653e0a2020202020202020202020203c536572766963654465736372697074696f6e3e53657276696365206465736372697074696f6e20666f7220706172746e6572733c2f536572766963654465736372697074696f6e3e0a2020202020202020202020203c546563686e6963616c436f6e7461637455726c3e7777772e626573742d706167652e65753c2f546563686e6963616c436f6e7461637455726c3e0a202020202020202020203c2f456e64706f696e743e0a20202020202020203c2f53657276696365456e64706f696e744c6973743e0a2020202020203c2f50726f636573733e0a202020203c2f50726f636573734c6973743e0a202020203c457874656e73696f6e3e0a2020202020203c457874656e73696f6e49443e65526163756e5061727469636970616e74446174613c2f457874656e73696f6e49443e0a2020202020203c65783a48524d505320786d6c6e733a65783d22687474703a2f2f706f72657a6e612d7570726176612e68722f6d70732f657874656e73696f6e223e0a20202020202020203c65783a5061727469636970616e744f49423e30303030303030303030303c2f65783a5061727469636970616e744f49423e0a20202020202020203c65783a416363657373506f696e744f49423e30303030303030303030303c2f65783a416363657373506f696e744f49423e0a2020202020203c2f65783a48524d50533e0a202020203c2f457874656e73696f6e3e0a20203c2f53657276696365496e666f726d6174696f6e3e0a3c2f536572766963654d657461646174613e0a, 'PUBLISHED', 1, 5),
        (6, NOW(), NOW(), 0x3c3f786d6c2076657273696f6e3d22312e302220656e636f64696e673d225554462d3822207374616e64616c6f6e653d22796573223f3e0a3c536572766963654d6574616461746120786d6c6e733d22687474703a2f2f646f63732e6f617369732d6f70656e2e6f72672f626478722f6e732f534d502f323031362f30352220786d6c6e733a6e73323d22687474703a2f2f7777772e77332e6f72672f323030302f30392f786d6c6473696723223e0a20203c53657276696365496e666f726d6174696f6e3e0a202020203c5061727469636970616e744964656e74696669657220736368656d653d22247b7265736f757263652e6964656e7469666965722e736368656d657d223e247b7265736f757263652e6964656e7469666965722e76616c75657d3c2f5061727469636970616e744964656e7469666965723e0a202020203c446f63756d656e744964656e74696669657220736368656d653d22247b7375627265736f757263652e6964656e7469666965722e736368656d657d223e247b7375627265736f757263652e6964656e7469666965722e76616c75657d3c2f446f63756d656e744964656e7469666965723e0a202020203c50726f636573734c6973743e0a2020202020203c50726f636573733e0a20202020202020203c50726f636573734964656e74696669657220736368656d653d2263656e6269692d70726f6369642d75626c223e75726e3a6664633a65726163756e2e68723a706f6163633a656e31363933313a616e793c2f50726f636573734964656e7469666965723e0a20202020202020203c53657276696365456e64706f696e744c6973743e0a202020202020202020203c456e64706f696e74207472616e73706f727450726f66696c653d2265726163756e2d7472616e73706f72742d6173342d76315f30223e0a2020202020202020202020203c456e64706f696e745552493e687474703a2f2f646f6d696275732d7265643a383038302f646f6d696275732f73657276696365732f6d73683c2f456e64706f696e745552493e0a2020202020202020202020203c43657274696669636174653e4d49494458544343416b576741774942416749494c5475675873586b373867774451594a4b6f5a496876634e4151454c425141775854454c4d416b47413155450a202020202020202020202020202042684d4353464978446a414d42674e564241675442564e305958526c4d513077437759445651514845775244615852354d524177446759445651514b457764440a202020202020202020202020202062323177595735354d517777436759445651514c45774e455a585978447a414e42674e5642414d4d426e4a6c5a46396a626a4165467730794e5441354d444d780a20202020202020202020202020204d4445774d544a614677307a4e5441354d4445784d4445774d544a614d463078437a414a42674e5642415954416b68534d5134774441594456515149457756540a2020202020202020202020202020644746305a54454e4d4173474131554542784d4551326c30655445514d4134474131554543684d4851323974634746756554454d4d416f474131554543784d440a2020202020202020202020202020524756324d513877445159445651514444415a795a57526659323477676745694d4130474353714753496233445145424151554141344942447741776767454b0a2020202020202020202020202020416f4942415143307435796e7264414b7251784a536f41654473702f5547376a58727a455675642f5659506c724649486a4463736337416859766f666b6a31480a2020202020202020202020202020747246326f624c774a4e34332f487a7358424d31415a6d34516267614776324175354c6f47455767694642694a394b6841363262707435773143487058412b550a20202020202020202020202020206f7a4852694a2f30505a51423952737a505751786e5254532f556c4d5576786a3472472b5444596e536f4b436e62736d2f6e34684c612f464b654c2f6f6877560a2020202020202020202020202020582b74494b676b5353316e6564686d4138682b2f7977723171696e6a5372534a454e4c33305037684b486242585242774f4e582b67732f3753746173626362380a20202020202020202020202020207a52565565612b7047386238566d715549447954537548734a4b594c776f6e73754b69445a32355a564c65772f627258657848484f77534b332f4a706d5a38790a2020202020202020202020202020534b39554a3278793675645456652b63543147574239496279562f7241674d424141476a495441664d42304741315564446751574242512b79756b59536e65330a20202020202020202020202020204c3074376975355a392f636f4b7562547344414e42676b71686b6947397730424151734641414f43415145417374656a4d717a727875654359756a706b64476f0a2020202020202020202020202020706a48745273645445777159502f3050304a4f4d72755150635736677a325159566b7462524f4c49395579596c5752632f666e7345426b6a4730584c2b6a4f550a202020202020202020202020202056414b4e344535413658614547524e705a486e46726b4445526a3433564152384b585272314f507645756d7951516e4f4946386b35665a494b38776c41347a4e0a202020202020202020202020202062346d493149366c2f4458635632647a77435847595a6e7634436b5363436f2f45445232473838436d4353567031777676393047445a4c3479543052307955300a2020202020202020202020202020537032654a734847314262453756356b425346496c34494c52464333582b6e796d67694750377858647530336c376f3154353531566a3448776851736565787a0a20202020202020202020202020206961557874502b74336b2b69503133583231744667544262495655316c724d6b43786a414e392f6864655a43484937546b764c6c634a4a414e313679667177540a202020202020202020202020202036513d3d3c2f43657274696669636174653e0a2020202020202020202020203c536572766963654465736372697074696f6e3e52656420506172747920446f6d696275733c2f536572766963654465736372697074696f6e3e0a2020202020202020202020203c546563686e6963616c436f6e7461637455726c3e687474703a2f2f6c6f63616c686f73743a383038322f646f6d696275733c2f546563686e6963616c436f6e7461637455726c3e0a202020202020202020203c2f456e64706f696e743e0a20202020202020203c2f53657276696365456e64706f696e744c6973743e0a2020202020203c2f50726f636573733e0a202020203c2f50726f636573734c6973743e0a202020203c457874656e73696f6e3e0a2020202020203c457874656e73696f6e49443e65526163756e5061727469636970616e74446174613c2f457874656e73696f6e49443e0a2020202020203c65783a48524d505320786d6c6e733a65783d22687474703a2f2f706f72657a6e612d7570726176612e68722f6d70732f657874656e73696f6e223e0a20202020202020203c65783a5061727469636970616e744f49423e31313131313131313131313c2f65783a5061727469636970616e744f49423e0a20202020202020203c65783a416363657373506f696e744f49423e31313131313131313131313c2f65783a416363657373506f696e744f49423e0a2020202020203c2f65783a48524d5053203e0a202020203c2f457874656e73696f6e3e0a20203c2f53657276696365496e666f726d6174696f6e3e0a3c2f536572766963654d657461646174613e0a, 'PUBLISHED', 1, 6);

INSERT INTO SMP_RESOURCE (ID, CREATED_ON, LAST_UPDATED_ON, IDENTIFIER_SCHEME, IDENTIFIER_VALUE, REVIEW_ENABLED, SML_REGISTERED, VISIBILITY, FK_DOCUMENT_ID, FK_DOREDEF_ID, FK_GROUP_ID)
VALUES (1, NOW(), NOW(), 'iso6523-actorid-upis', '9934:00000000000', null, true, 'PUBLIC', 1, 1, 1),
       (2, NOW(), NOW(), 'iso6523-actorid-upis', '9934:11111111111', null, true, 'PUBLIC', 2, 1, 1);

INSERT INTO SMP_RESOURCE_MEMBER (ID, CREATED_ON, LAST_UPDATED_ON, PERMISSION_REVIEW, MEMBERSHIP_ROLE, FK_RESOURCE_ID, FK_USER_ID)
VALUES (1, NOW(), NOW(), false, 'ADMIN', 1, 1),
       (2, NOW(), NOW(), false, 'ADMIN', 2, 1);

INSERT INTO SMP_SUBRESOURCE (ID, CREATED_ON, LAST_UPDATED_ON, IDENTIFIER_SCHEME, IDENTIFIER_VALUE, FK_DOCUMENT_ID, FK_RESOURCE_ID, FK_SUREDEF_ID)
VALUES (1, NOW(), NOW(), 'busdox-docid-qns', 'urn:oasis:names:specification:ubl:schema:xsd:Invoice-2::Invoice##urn:cen.eu:en16931:2017#compliant#urn:mfin.gov.hr:cius-2025:1.0#conformant#urn:mfin.gov.hr:ext-2025:1.0::2.1', 3, 1, 1),
       (2, NOW(), NOW(), 'busdox-docid-qns', 'urn:oasis:names:specification:ubl:schema:xsd:Invoice-2::Invoice##urn:cen.eu:en16931:2017#compliant#urn:mfin.gov.hr:cius-2025:1.0#conformant#urn:mfin.gov.hr:ext-2025:1.0::2.1', 4, 2, 1),
       (3, NOW(), NOW(), 'busdox-docid-qns', 'urn:oasis:names:specification:ubl:schema:xsd:CreditNote-2::CreditNote##urn:cen.eu:en16931:2017#compliant#urn:mfin.gov.hr:cius-2025:1.0#conformant#urn:mfin.gov.hr:ext-2025:1.0::2.1', 5, 1, 1),
       (4, NOW(), NOW(), 'busdox-docid-qns', 'urn:oasis:names:specification:ubl:schema:xsd:CreditNote-2::CreditNote##urn:cen.eu:en16931:2017#compliant#urn:mfin.gov.hr:cius-2025:1.0#conformant#urn:mfin.gov.hr:ext-2025:1.0::2.1', 6, 2, 1);
